"id","name","website","nl_description","en_description","de_description"
2,"3Dotzero","https://3dotzero.nl","Onze CampUniQ Minicamper Boxen: Mac Box, QuQuQ, Mica Box en Mobi KitchenBox veranderen uw bestelauto, combi of MPV in een comfortable en betaalbare Minicamper en weer terug.","Our CampUniQ mini-camper boxes: Mac Box, QuQuQ, Mica Box and MOBI KITCHENBOX change your delivery van, combi van or MPV into a comfortable and affordable mini campervan and back again.","Unsere CampUniQ-Minicamperboxen MACBox, QuQuQ und MICABox verwandeln Ihren Lieferwagen, Ihren Kombi oder Ihren Van in ein komfortables und bezahlbares Miniwohnmobil und wieder zurück."
3,"4WD travel","https://4wdtravel.nl","Iedereen die een cursus of een reis boekt, krijgt een gratis 4WD Festival entreeticket voor de zaterdag of zondag cadeau!","Laat je voertuig nakijken","Iedereen die een cursus of een reis boekt, krijgt een gratis 4WD Festival entreeticket voor de zaterdag of zondag cadeau!"
4,"4wdspecialist BV","https://4wd-specialist.nl","De 4WD Specialist is gespecialiseerd in het volledig inrichten van jouw 4x4 voertuig. Wij zijn importeur van Alu-Cab en Ironman 4x4.","De 4WD Specialist is gespecialiseerd in het volledig inrichten van jouw 4x4 voertuig. Wij zijn importeur van Alu-Cab en Ironman 4x4.","De 4WD Specialist is gespecialiseerd in het volledig inrichten van jouw 4x4 voertuig. Wij zijn importeur van Alu-Cab en Ironman 4x4."
5,"4x4 Vakantie Reizen","https://4x4vakantie.nl","4x4 reizen, 4x4 training &amp; 4x4 automotive events in Alpen, Pyreneeën, Lapland, Wales, Lake District, Albanië, Corsica, UK, IJsland en Marokko.","4x4 reizen, 4x4 training &amp; 4x4 automotive events in Alpen, Pyreneeën, Lapland, Wales, Lake District, Albanië, Corsica, UK, IJsland en Marokko.","4x4 reizen, 4x4 training &amp; 4x4 automotive events in Alpen, Pyreneeën, Lapland, Wales, Lake District, Albanië, Corsica, UK, IJsland en Marokko."
6,"AdventureVan.EU","https://adventurevan.eu","Adventure Van: Over Ons","Adventure Van: Privacy en Cookies","De Adventure Van is de stoere en praktische camper voor buitensporters.  Comfortabele voorzieningen, flexibele inrichting en avontuurlijke looks."
7,"All road events","https://allroadevents.nl","Hier vindt u alle informatie over onze auto toertochten, greenlane routes en camper routes. Alle roadbooks worden gereden met een bolletje-pijltje roadbook.","Hier vindt u alle informatie over onze auto toertochten, greenlane routes en camper routes. Alle roadbooks worden gereden met een bolletje-pijltje roadbook.","Hier vindt u alle informatie over onze auto toertochten, greenlane routes en camper routes. Alle roadbooks worden gereden met een bolletje-pijltje roadbook."
8,"Autobedrijf van der Zweerde","https://autobedrijfvanderzweerde.nl","Autobedrijf van der Zweerde is al 40 jaar specialist in onderhoud, restauratie en occasions van Land Rovers en Range Rovers. Wij zijn gedreven door Land Rover. Met deze visie garanderen wij persoonlij...","Autobedrijf van der Zweerde is al 40 jaar specialist in onderhoud, restauratie en occasions van Land Rovers en Range Rovers. Wij zijn gedreven door Land Rover. Met deze visie garanderen wij persoonlij...","Autobedrijf van der Zweerde is al 40 jaar specialist in onderhoud, restauratie en occasions van Land Rovers en Range Rovers. Wij zijn gedreven door Land Rover. Met deze visie garanderen wij persoonlij..."
9,"Balou adventures","https://balouadventures.com","Wij als koppel zijn altijd gepassioneerd geweest over alles wat met natuur, sport, outdoor en vakantie te maken heeft. In al die sport en outdoor materialen kijken we steeds graag naar kwaliteit en de...","Je winkelwagen is momenteel leeg!","Je winkelwagen is momenteel leeg!"
10,"Bolt adventure","https://boltadventure.com","Lees het verhaal achter BOLT Adventure. Wij zijn gepassioneerde Land Rover-rijders die jouw Defender-ervaring naar nieuwe hoogten willen brengen.","Met ons BOLT Adventure assortiment zorgen we ervoor dat jouw Land Rover Defender wordt voorzien van nog meer functionaliteit én stijl!","Met onze BOLT producten zorgen we ervoor dat jouw Land Rover Defender wordt voorzien van nog meer functionaliteit én stijl!"
16,"Camp Impuls Bruder X","https://camp-impuls.de/bruderx","Camp Impuls bietet Beratung &amp; Verkauf von Offroad Wohnwagen Camping-Anhänger, Dachzelte, Camping-Zubehör Seilwinden uvm. Online und vor Ort in Karlsruhe","Camp Impuls bietet Beratung &amp; Verkauf von Offroad Wohnwagen Camping-Anhänger, Dachzelte, Camping-Zubehör Seilwinden uvm. Online und vor Ort in Karlsruhe","Camp Impuls bietet Beratung &amp; Verkauf von Offroad Wohnwagen Camping-Anhänger, Dachzelte, Camping-Zubehör Seilwinden uvm. Online und vor Ort in Karlsruhe"
18,"Camping Donnersberg","https://campingdonnersberg.com/nl/home","Een kleine familiecamping in Zuid-Duitsland, met ruimte en rust, en tegelijkertijd genoeg te doen. Met verschillende accommodaties en outdoor activiteiten.","Een kleine familiecamping in Zuid-Duitsland, met ruimte en rust, en tegelijkertijd genoeg te doen. Met verschillende accommodaties en outdoor activiteiten.","[ Hier komt een stuk over de camping ] Lorem ipsum dolor sit amet, consectetur adipiscing elit. Nulla euismod in ligula nec ultrices"
19,"Camping Le Prahay","https://camping-leprahay.com/nl","Heerlijk ontspannen aan het water op een van de mooiste plekjes van de Belgische Ardennen","Relax in one of the most beautiful places within the Belgian Ardennes","Himmlisch entspannen auf einem der schönsten Plätze in den Belgischen Ardennen."
20,"Camping MAKA","https://campingmaka.be","Ga vissen, kanoën, tokkel over de Semois, bezoek de kleine speeltuin, rooster marshmallows op je eigen gemaakte kampvuur, neem een duik in de rivier, wandel /fiets/ren in de bossen rondom de camping, ...","Ga vissen, kanoën, tokkel over de Semois, bezoek de kleine speeltuin, rooster marshmallows op je eigen gemaakte kampvuur, neem een duik in de rivier, wandel /fiets/ren in de bossen rondom de camping, ...","Ga vissen, kanoën, tokkel over de Semois, bezoek de kleine speeltuin, rooster marshmallows op je eigen gemaakte kampvuur, neem een duik in de rivier, wandel /fiets/ren in de bossen rondom de camping, ..."
21,"Campingplatz Braunlage GmbH","https://www.4x4vakantiebeurs.nl/","20 Jaar later is die traditie er nog steeds en met nog evenveel enthousiasme.","Discover the world of 4x4 holidays at the 4x4 Holiday Fair. The largest fair in the Benelux dedicated to 4x4 holidays, travel, and everything that comes with it.","Entdecke die Welt der 4x4-Reisen auf der 4x4 Urlaubsmesse. Die größte Messe in den Benelux-Ländern rund um 4x4-Urlaube, Reisen und alles, was dazugehört."
22,"Campventure B.V.","https://camp-venture.nl","Campventure is de specialist voor avontuurlijk kamperen, van daktent tot off-road camper. Je vindt het allemaal bij Campventure.","Campventure is de specialist voor avontuurlijk kamperen, van daktent tot off-road camper. Je vindt het allemaal bij Campventure.","Campventure is de specialist voor avontuurlijk kamperen, van daktent tot off-road camper. Je vindt het allemaal bij Campventure."
23,"CB-shop","https://cb-webshop.nl","Dé webshop voor nieuwe en gebruikte 27MC apparatuur","Dé webshop voor nieuwe en gebruikte 27MC apparatuur","Dé webshop voor nieuwe en gebruikte 27MC apparatuur"
24,"Char Art Leatherworks","https://charart.nl","Klanten aan het woord Kwaliteit Mijn producten worden met zorg gemaakt van hoogwaardige materialen. Van de hoogste kwaliteit leder tot de beste fournituren, tot zelfs de sterkste draad, overal wordt a...","Klanten aan het woord Kwaliteit Mijn producten worden met zorg gemaakt van hoogwaardige materialen. Van de hoogste kwaliteit leder tot de beste fournituren, tot zelfs de sterkste draad, overal wordt a...","Klanten aan het woord Kwaliteit Mijn producten worden met zorg gemaakt van hoogwaardige materialen. Van de hoogste kwaliteit leder tot de beste fournituren, tot zelfs de sterkste draad, overal wordt a..."
27,"de nieuwe standhouder","4x4vakantiebeurs.nl","20 Jaar later is die traditie er nog steeds en met nog evenveel enthousiasme.","Discover the world of 4x4 holidays at the 4x4 Holiday Fair. The largest fair in the Benelux dedicated to 4x4 holidays, travel, and everything that comes with it.","Entdecke die Welt der 4x4-Reisen auf der 4x4 Urlaubsmesse. Die größte Messe in den Benelux-Ländern rund um 4x4-Urlaube, Reisen und alles, was dazugehört."
28,"de nieuwe standhouder II","4x4vakantiebeurs.nl","20 Jaar later is die traditie er nog steeds en met nog evenveel enthousiasme.","Discover the world of 4x4 holidays at the 4x4 Holiday Fair. The largest fair in the Benelux dedicated to 4x4 holidays, travel, and everything that comes with it.","Entdecke die Welt der 4x4-Reisen auf der 4x4 Urlaubsmesse. Die größte Messe in den Benelux-Ländern rund um 4x4-Urlaube, Reisen und alles, was dazugehört."
29,"Defendershop","https://defendershop.com","Defendershop","Defendershop","Defendershop"
31,"Dream Trails Off Road Adventures","https://dreamtrails.nl","De motor achter Dream Trails Off Road Adventures zijn wij, Dick en Monique de Graaf. Midden jaren 80 kochten wij onze eerste terreinwagen, een Lada Niva","De motor achter Dream Trails Off Road Adventures zijn wij, Dick en Monique de Graaf. Midden jaren 80 kochten wij onze eerste terreinwagen, een Lada Niva","De motor achter Dream Trails Off Road Adventures zijn wij, Dick en Monique de Graaf. Midden jaren 80 kochten wij onze eerste terreinwagen, een Lada Niva"
33,"Dutch overland EG techniek","https://dutch-overland.com","Ervaar de perfecte combinatie van kracht en comfort. Ontdek de wereld met onze compacte cabines van Nederlandse topkwaliteit.","Dutch Overland maakt van je pick-up een luxe Overlander die van alle gemakken is voorzien. Wij staan voor Nederlandse topkwaliteit, betrouwbaarheid en duurzaamheid.","Dutch Overland maakt van je pick-up een luxe Overlander die van alle gemakken is voorzien. Wij staan voor Nederlandse topkwaliteit, betrouwbaarheid en duurzaamheid."
34,"DutchDefenderX & Lowlands","https://www.4x4vakantiebeurs.nl/","20 Jaar later is die traditie er nog steeds en met nog evenveel enthousiasme.","Discover the world of 4x4 holidays at the 4x4 Holiday Fair. The largest fair in the Benelux dedicated to 4x4 holidays, travel, and everything that comes with it.","Entdecke die Welt der 4x4-Reisen auf der 4x4 Urlaubsmesse. Die größte Messe in den Benelux-Ländern rund um 4x4-Urlaube, Reisen und alles, was dazugehört."
37,"Expeditech / Larorent","https://larorent.nl","Verhuur van Land Rover Defenders en Land Rover Defender camper en overland expeditievoertuig en defender met daktent of trouwauto te huur","Verhuur van Land Rover Defenders en Land Rover Defender camper en overland expeditievoertuig en defender met daktent of trouwauto te huur","Verhuur van Land Rover Defenders en Land Rover Defender camper en overland expeditievoertuig en defender met daktent of trouwauto te huur"
36,"Expeditech / Larorent","https://expeditech.nl","Hefdak voor Defender, uniek ontwerp voor een scherpe prijs. Extra licht, extra veilig, extra geïsoleerd, extra lichtgewicht. Goedgekeurd door de RDW.","Hefdak voor Defender, uniek ontwerp voor een scherpe prijs. Extra licht, extra veilig, extra geïsoleerd, extra lichtgewicht. Goedgekeurd door de RDW.","Hefdak voor Defender, uniek ontwerp voor een scherpe prijs. Extra licht, extra veilig, extra geïsoleerd, extra lichtgewicht. Goedgekeurd door de RDW."
38,"Fennec Adventures","https://fnnc.nl","De Fennec off road kampeeraanhanger. Off the grid kamperen met alle gemakken bij de hand.","De Fennec off road kampeeraanhanger. Off the grid kamperen met alle gemakken bij de hand.","De Fennec off road kampeeraanhanger. Off the grid kamperen met alle gemakken bij de hand."
39,"fladde outdoor","https://www.4x4vakantiebeurs.nl/","20 Jaar later is die traditie er nog steeds en met nog evenveel enthousiasme.","Discover the world of 4x4 holidays at the 4x4 Holiday Fair. The largest fair in the Benelux dedicated to 4x4 holidays, travel, and everything that comes with it.","Entdecke die Welt der 4x4-Reisen auf der 4x4 Urlaubsmesse. Die größte Messe in den Benelux-Ländern rund um 4x4-Urlaube, Reisen und alles, was dazugehört."
40,"Flex Adventure 4x4","https://flexadventure4x4.nl","Flex Adventure 4x4, Avontuurlijke 4x4 vakantie reizen naar IJsland Ierland Engeland Wales Lake District Zweden Noorwegen Spanje en Portugal","Flex Adventure 4x4, Avontuurlijke 4x4 vakantie reizen naar IJsland Ierland Engeland Wales Lake District Zweden Noorwegen Spanje en Portugal","Flex Adventure 4x4, Avontuurlijke 4x4 vakantie reizen naar IJsland Ierland Engeland Wales Lake District Zweden Noorwegen Spanje en Portugal"
42,"Further Adventures","https://further-adventures.nl","4x4 vakanties, expedities en overland reizen met eigen 4WD of 4x4 huurauto | Further Adventures organiseert kleinschalige 4x4 self-drive reizen in Oost Europa, Centraal Azië en West Afrika","4x4 vakanties, expedities en overland reizen met eigen 4WD of 4x4 huurauto | Further Adventures organiseert kleinschalige 4x4 self-drive reizen in Oost Europa, Centraal Azië en West Afrika","4x4 vakanties, expedities en overland reizen met eigen 4WD of 4x4 huurauto | Further Adventures organiseert kleinschalige 4x4 self-drive reizen in Oost Europa, Centraal Azië en West Afrika"
43,"Geoshower europe","https://geoshower.nl","GEO SHOWER is het alles-in-één draagbare warmwatersysteem, ontworpen voor echt comfort, waar dan ook. Met zijn sterke druk, robuuste ontwerp en snelle installatie is hij perfect voor kamperen, overlan...","GEO SHOWER is het alles-in-één draagbare warmwatersysteem, ontworpen voor echt comfort, waar dan ook. Met zijn sterke druk, robuuste ontwerp en snelle installatie is hij perfect voor kamperen, overlan...","GEO SHOWER is het alles-in-één draagbare warmwatersysteem, ontworpen voor echt comfort, waar dan ook. Met zijn sterke druk, robuuste ontwerp en snelle installatie is hij perfect voor kamperen, overlan..."
44,"Gitrax","https://gitrax.net","Onze firma is meer dan 20 jaar actief in de 4x4 wereld. Ruime shop met alle 4x4 benodigdheden, accessoires, onderdelen, led verlichting, banden, velgen, enz.","Onze firma is meer dan 20 jaar actief in de 4x4 wereld. Ruime shop met alle 4x4 benodigdheden, accessoires, onderdelen, led verlichting, banden, velgen, enz.","Onze firma is meer dan 20 jaar actief in de 4x4 wereld. Ruime shop met alle 4x4 benodigdheden, accessoires, onderdelen, led verlichting, banden, velgen, enz."
45,"Gobanna","https://gobanna.com","Voor wie iets wil weten over het bedrijf en het team achter Gobanna, willen we ons voorstellen. Eigenlijk zie je ons weerspiegelt in de Gobanna minicaravan.","Een Gobanna is een Nederlandse minicaravan – ook wel teardrop trailer genoemd – die je alle vrijheid geeft. Modellen 1200 series, 1500 series en 1500 Offroad.","De geschiedenis van de caravan zal je verbazen. Het gebruik om te kamperen in een wagen, bestaat eigenlijk nog niet zo heel lang. Hoe is het precies ontstaan?"
95,"Immetje","immetje.be","","",""
46,"Jefi wild","https://jefiwild.nl","&#8220;Real Freedom Lies In Wildness, Not Civilization&#8221;","&#8220;Real Freedom Lies In Wildness, Not Civilization&#8221;","Neve | Mogelijk gemaakt door WordPress"
48,"Kifaru Services","https://kifaru4x4.nl","Je overweegt jouw mooie reisvoertuig zélf af te bouwen of het geheel of gedeeltelijk uit te besteden? Dan ben je bij KIFARU4X4 aan het juiste adres. Wij zijn","Je overweegt jouw mooie reisvoertuig zélf af te bouwen of het geheel of gedeeltelijk uit te besteden? Dan ben je bij KIFARU4X4 aan het juiste adres. Wij zijn","Je overweegt jouw mooie reisvoertuig zélf af te bouwen of het geheel of gedeeltelijk uit te besteden? Dan ben je bij KIFARU4X4 aan het juiste adres. Wij zijn"
49,"Kleinwier Subaru","https://kleinwier.nl","Subaru Kleinwier al ruim 30 jaar een begrip in Subaru beleving. Maak een proefrit in één van onze demo of voorraad modellen.","Subaru Kleinwier al ruim 30 jaar een begrip in Subaru beleving. Maak een proefrit in één van onze demo of voorraad modellen.","Subaru Kleinwier al ruim 30 jaar een begrip in Subaru beleving. Maak een proefrit in één van onze demo of voorraad modellen."
50,"L-R-Parts","https://l-r-parts.nl","De beste Land Rover onderdelen voor de Defender, Discovery, Series, Freelander en Range Rover. Verkrijgbaar in aftermarket, NOS en OEM.","De beste Land Rover onderdelen voor de Defender, Discovery, Series, Freelander en Range Rover. Verkrijgbaar in aftermarket, NOS en OEM.","De beste Land Rover onderdelen voor de Defender, Discovery, Series, Freelander en Range Rover. Verkrijgbaar in aftermarket, NOS en OEM."
51,"Land cruiser club Nederland","https://landcruiser-club.nl","Bij de LandCruiserClub Nederland gaat het om rijden, reizen, sleutelen, kennis delen en gezelligheid.","Bij de LandCruiserClub Nederland gaat het om rijden, reizen, sleutelen, kennis delen en gezelligheid.","Bij de LandCruiserClub Nederland gaat het om rijden, reizen, sleutelen, kennis delen en gezelligheid."
52,"Landroamer","https://landroamer.eu","De ultieme expeditie camper: sfeervol, luxe, robuust &amp; huiselijk. Met veel leef- en bergruimte en onder de 3.500 kg","The ultimate expedition camper: atmospheric, luxurious, rugged &amp; homely. With plenty of living and storage space, all under 3,500 kg.","De Sprinter 4x4 camper is populair, maar kent compromissen. Lees de 7 cruciale nadelen van de buscamper"
53,"Lost tracks","https://losttracks.nl","Ben jij klaar voor avontuur? Ga met Lost Tracks offroad in Georgië. Back to basic, puur natuur en onvergetelijke momenten.","Ben jij klaar voor avontuur? Ga met Lost Tracks offroad in Georgië. Back to basic, puur natuur en onvergetelijke momenten.","&#8220;Het mooiste van de trip met Lost Tracks vond ik het hele 4&#215;4 rijden. Heerlijk om zo door de wildernis te rijden zonder hectiek en andere mensen om je heen. Een keer zijn we zonder benzine ..."
55,"Lumberjackoutdoor","https://lumberjackoutdoor.nl","De leverancier voor kampeer en tuin inrichting","De leverancier voor kampeer en tuin inrichting","De leverancier voor kampeer en tuin inrichting"
56,"Made for Adventure","https://madeforadventure.store","Eén plek voor uw offroad en kampeer materiaal. Nauwkeuring geselecteerd op prijs kwaliteit, krijg snel en persoonlijk advies! Zit het niet in ons aanbod? Laat het ons weten en we gaan ons uiterste bes...","One place for your off road and camping equipment. Closely selected on price quality, get quick and personal advice! Is it not in our offer? Let us know and we will do our utmost to help you.","Eén plek voor uw offroad en kampeer materiaal. Nauwkeuring geselecteerd op prijs kwaliteit, krijg snel en persoonlijk advies! Zit het niet in ons aanbod? Laat het ons weten en we gaan ons uiterste bes..."
57,"Off road Juf","https://offroadjuf.nl","Offroadjuf.nl
4x4-instructie, offroadreizen, outdooravonuren","Offroadjuf.nl
4x4-instructie, offroadreizen, outdooravonuren","Offroadjuf.nl
4x4-instructie, offroadreizen, outdooravonuren"
59,"Offroadcaravans.eu","https://offroadcaravans.eu","Discover rugged, high-quality off-road caravans built in the Netherlands. 
Explore models tailored for every adventure, without middlemen.","Discover rugged, high-quality off-road caravans built in the Netherlands. 
Explore models tailored for every adventure, without middlemen.","Discover rugged, high-quality off-road caravans built in the Netherlands. 
Explore models tailored for every adventure, without middlemen."
60,"Outback Daktenten","https://outback.nl","Net zo comfortabel kamperen als je rijdt: dat kan met de hyperlichte, comfortabele en robuuste Outback Cabin. Een pick-upunit vol slim design.","Camp as comfortably as you drive: you can with the hyper-light, comfortable and rugged Outback Cabin. A pickup unit full of smart design","Campen Sie so komfortabel wie Sie fahren: Das können Sie mit dem ultraleichten, komfortablen und robusten Outback Cabin. Ein Pick-up voller intelligentem Design"
61,"Overland Campers","https://overlandcampers.nl","Wij bouwen Mercedes Sprinter 4x4 campers. Ga weg van de gebaande paden en 
beleef off-grid, off-road avonturen. Ontdek wat Overland Campers voor je 
doet.","Wij bouwen Mercedes Sprinter 4x4 campers. Ga weg van de gebaande paden en 
beleef off-grid, off-road avonturen. Ontdek wat Overland Campers voor je 
doet.","Wij bouwen Mercedes Sprinter 4x4 campers. Ga weg van de gebaande paden en 
beleef off-grid, off-road avonturen. Ontdek wat Overland Campers voor je 
doet."
65,"Pathfinder Adventure Campers","https://pathfinder-campers.com","Lees meer over ons: Pathfinder is geboren te Maassluis op 01-02-2021. De geschiedenis achter Pathfinder echter, gaat nog veel verder terug.","Wij maken adventure campers. Van Land Rovers tot buscampers. Alles is mogelijk. De beste partner voor: interieurs, hefdaken en elektra.","Wij maken adventure campers. Van Land Rovers tot buscampers. Alles is mogelijk. De beste partner voor: interieurs, hefdaken en elektra."
66,"PSP Expeditioncampers","https://psp-expeditioncampers.com","De droom van de eigenaar van PSP en wellicht de droom van meerdere mensen is het reizen naar plekken op deze aarde die tot de verbeelding spreken. En om in staat zijn om dit compleet onafhankelijk en ...","We hebben maar een planeet en daar moeten we zuinig op zijn. Dit is de reden dat onze werkplaats vol ligt met zonnepanelen en wordt verwamd met een warmtepomp","We hebben maar een planeet en daar moeten we zuinig op zijn. Dit is de reden dat onze werkplaats vol ligt met zonnepanelen en wordt verwamd met een warmtepomp"
67,"quint 4x4 reizen","https://quint4x4reizen.nl","Ontdek Europa op een andere manier met Quint 4x4 Reizen. Wij organiseren complete 4x4 avontuurlijke reizen met spannende activiteiten in kleine groepen. Eigen auto of huur een volledig uitgeruste 4x4 ...","Ontdek Europa op een andere manier met Quint 4x4 Reizen. Wij organiseren complete 4x4 avontuurlijke reizen met spannende activiteiten in kleine groepen. Eigen auto of huur een volledig uitgeruste 4x4 ...","Ontdek Europa op een andere manier met Quint 4x4 Reizen. Wij organiseren complete 4x4 avontuurlijke reizen met spannende activiteiten in kleine groepen. Eigen auto of huur een volledig uitgeruste 4x4 ..."
71,"Roofspace","https://dutch-roofspace.nl","De Roof Space is de eerste opvouwbare hard cover daktent op de markt. Deze nieuw ontwikkelde, zeer robuuste en hoogwaardige aluminium hard cover  koffer vervangt het traditionele dunne PVC-zeildoek va...","De Roof Space is de eerste opvouwbare hard cover daktent op de markt. Deze nieuw ontwikkelde, zeer robuuste en hoogwaardige aluminium hard cover  koffer vervangt het traditionele dunne PVC-zeildoek va...","De Roof Space is de eerste opvouwbare hard cover daktent op de markt. Deze nieuw ontwikkelde, zeer robuuste en hoogwaardige aluminium hard cover  koffer vervangt het traditionele dunne PVC-zeildoek va..."
72,"Roverland","https://roverland-expedition.be","At Roverland you can find Overlanding and travel related products. We sell universal and brand specific goods. We continuously expand our unique list of products so that you can make your travels comf...","At Roverland you can find Overlanding and travel related products. We sell universal and brand specific goods. We continuously expand our unique list of products so that you can make your travels comf...","At Roverland you can find Overlanding and travel related products. We sell universal and brand specific goods. We continuously expand our unique list of products so that you can make your travels comf..."
73,"SandandStone","https://sandandstone.nl","Onvergetelijke avonturenReizen op maatLeer onder begeleiding terrein rijdenUitdagende routesBeleef de sneeuwMooie vergezichtenAvontuurlijke routesErvaar de lokale bevolkingEen vertrouwd teamAvontuurli...","Onvergetelijke avonturenReizen op maatLeer onder begeleiding terrein rijdenUitdagende routesBeleef de sneeuwMooie vergezichtenAvontuurlijke routesErvaar de lokale bevolkingEen vertrouwd teamAvontuurli...","Onvergetelijke avonturenReizen op maatLeer onder begeleiding terrein rijdenUitdagende routesBeleef de sneeuwMooie vergezichtenAvontuurlijke routesErvaar de lokale bevolkingEen vertrouwd teamAvontuurli..."
74,"Saris 4x4","https://saris4x4.nl","Welkom bij Team Saris 4&#215;4! Achter elk avontuur, elke maatwerkoplossing en elke off-road voorbereiding staat een gepassioneerd team van specialisten. Samen zorgen wij ervoor dat jouw 4&#215;4, SUV...","Bij een endoscopisch onderzoek komen meestal niet van die hele fijne gedachtes naar boven. Toch kan dit voor u prettig zijn, in ieder geval voor uw","Laat jouw Ford aanpassen door Saris4x4 in Valburg. Specialist in offroad techniek, maatwerk en accessoires zoals roofracks, snorkels, lieren en bodembescherming. Maak je Ford Ranger klaar voor elk avo..."
75,"Saris Adventure Vehicles Jip","https://buildbyjip.nl","Saris Adventure Vehicles: Dankzij mijn jarenlange ervaring met 4×4/4WD, kan ik u als geen ander helpen met het verwezenlijken van uw droom.","Saris Adventure Vehicles: Dankzij mijn jarenlange ervaring met 4×4/4WD, kan ik u als geen ander helpen met het verwezenlijken van uw droom.","Roestproblemen komen bij veel 4x4&#039;s voor, maar de roestduivel had bij deze Nissan Patrol bijna gewonnen. Gelukkig was roestreparatie mogelijk"
78,"Smokey Goose Barbecue & More","https://smokeygoose.nl","Smokey Goose is een speciaalzaak voor barbecues, accessoires, skillets, chunks, rubs, houtskool, kortom alles wat je aan gereedschap hebt om thuis dat mooie stuk vlees of die lekkere stoofpot te berei...","Smokey Goose is een speciaalzaak voor barbecues, accessoires, skillets, chunks, rubs, houtskool, kortom alles wat je aan gereedschap hebt om thuis dat mooie stuk vlees of die lekkere stoofpot te berei...","Smokey Goose is een speciaalzaak voor barbecues, accessoires, skillets, chunks, rubs, houtskool, kortom alles wat je aan gereedschap hebt om thuis dat mooie stuk vlees of die lekkere stoofpot te berei..."
79,"Stormproducts","https://stormdaktenten.nl","30 augustus 2024","1 Product","Het is de laatste tijd veel in het nieuws geweest: microplastics in onze alledaagse producten: cr?me, conditioner en zelfs kindertandpasta zitten er vol mee. En dat terwijl microplastics echt niet nod..."
80,"Tembo Travel service","https://tembotravelservices.nl","4×4 Expedition Camper Units &amp; Expedition Trucks","4×4 Expedition Camper Units &amp; Expedition Trucks","4×4 Expedition Camper Units &amp; Expedition Trucks"
81,"Tent Vent","https://tent-vent.nl","Ontdek de Patio Air 5 De nieuwe manier van kamperen Geen haringen. Geen trapjes. Geen gedoe.Wél in 90 seconden opgezet en uitgerust met een écht goed bed. Het verhaal Patio Air 5 Maak kennis met de Pa...","Ontdek de Patio Air 5 De nieuwe manier van kamperen Geen haringen. Geen trapjes. Geen gedoe.Wél in 90 seconden opgezet en uitgerust met een écht goed bed. Het verhaal Patio Air 5 Maak kennis met de Pa...","De trailer: Patio Air 5 Waarom kiezen tussen een vouwwagen, daktent of opblaastent, als je alles in één kunt hebben? Wat je krijgt Ruime voortent met geïntegreerde IGT-keuken* De keuken zit er standaa..."
82,"The Kings Elephant","https://thekingselephant.com","Classic Adventure Store. Classic Adventure Wear. Outdoor Wear. Country Wear. Outback Wear. Safari Wear. Coastline Wear. Army Wear. Uniforms. Scouting Wear. Yachting. twead clothing.wax clothing. softs...","Classic Adventure Store. Classic Adventure Wear. Outdoor Wear. Country Wear. Outback Wear. Safari Wear. Coastline Wear. Army Wear. Uniforms. Scouting Wear. Yachting. twead clothing.wax clothing. softs...","Classic Adventure Store. Classic Adventure Wear. Outdoor Wear. Country Wear. Outback Wear. Safari Wear. Coastline Wear. Army Wear. Uniforms. Scouting Wear. Yachting. twead clothing.wax clothing. softs..."
83,"Totalcool","https://totalcool.nl","Draagbare vrijetijdsproducten ontworpen voor het leven onderweg","Explore Totalcool&#39;s range of portable cooling products designed for comfort and convenience. From portable air coolers to fridge freezers and solar panels, our gear is perfect for outdoor adventur...","Totalcool: der Webshop mit tragbaren Produkten für unterwegs"
84,"Tracking Trailer","https://trackingtrailer.nl","&nbsp; Onze Comfort-trailers hebben de volgende unieke eigenschappen:","&nbsp; Onze Comfort-trailers hebben de volgende unieke eigenschappen:","&nbsp; Onze Comfort-trailers hebben de volgende unieke eigenschappen:"
85,"UAZ specials","https://uaz-specials.com","Wieger &amp; Tania trekken met hun gezin vijf maanden lang door Europa. Over thuisonderwijs in de bus, pech onderweg en grenzeloze gastvrijheid.","Wieger &amp; Tania trekken met hun gezin vijf maanden lang door Europa. Over thuisonderwijs in de bus, pech onderweg en grenzeloze gastvrijheid.","Wieger &amp; Tania trekken met hun gezin vijf maanden lang door Europa. Over thuisonderwijs in de bus, pech onderweg en grenzeloze gastvrijheid."
86,"Viking Mink Campers","https://viking-campers.nl","Bekijk de MINK producten vrijblijvend bij Viking Campers in Westerhoven of Lelystad. Altijd op afspraak voor maximale service.","Bekijk de MINK producten vrijblijvend bij Viking Campers in Westerhoven of Lelystad. Altijd op afspraak voor maximale service.","Bekijk de MINK producten vrijblijvend bij Viking Campers in Westerhoven of Lelystad. Altijd op afspraak voor maximale service."
87,"Vouwwagencentrum N-bergum Noordbergum","https://vouwwagencentrumnoordbergum.nl","Wij vertellen graag meer over ons. Zo weet je vooraf met wie je te maken hebt. Kom ook gerust langs in onze showroom!","Bent u op zoek naar een nieuwe of gebruikte vouwwagen of minicaravan? Kom dan langs in de showroom van Vouwwagencentrum Noordbergum!","Bent u op zoek naar een nieuwe of gebruikte vouwwagen of minicaravan? Kom dan langs in de showroom van Vouwwagencentrum Noordbergum!"
92,"Widebird","https://widebird.com","Onze grootste motivatie is klant tevredenheid. Door de feedback en wensen van onze klanten ontvangen wij continu informatie om onze bestaande producten te verbeteren en nieuwe toepassingen te ontwikke...","Window information Hatch information","Aluminium decoration profile roof window"
93,"XFood.nl","https://xfood.nl","XFood.nl - Hét 5 sterren restaurant in jouw backpack. Vandaag voor 22h00 besteld is morgen gratis* geleverd in Nederland en België.","Energie reep met zaden, noten en fruit. 300 kcal compacte snack voor outdoor, preppen en noodsituaties. Direct klaar voor gebruik.","XFood.nl - Wandel mee door de 8 hoogtepunten van Het Pieterpad. Lees onze nieuwste blog vol adembenemende landschappen en charmante dorpen!"